dataset,lang,model_a,model_b,n_shared,mean_diff,ci_lo,ci_hi,p_raw,p_bh_fdr,significant_fdr_05
expert,en,aya_expanse,claude_haiku_4_5,126,-0.0455,-0.0599,-0.0313,0.0,0.0,True
expert,en,aya_expanse,claude_opus_4_7,149,-0.0443,-0.0604,-0.0279,0.0,0.0,True
expert,en,aya_expanse,cohere_command_a,126,0.0039,-0.0069,0.0152,0.4916,0.5499,False
expert,en,aya_expanse,gemini_3_flash,126,-0.0066,-0.0216,0.0085,0.3758,0.4351,False
expert,en,aya_expanse,gemini_3_pro,126,0.0045,-0.0081,0.0172,0.486,0.5499,False
expert,en,aya_expanse,gemma_3_27b,126,-0.0061,-0.0199,0.0072,0.3742,0.4351,False
expert,en,aya_expanse,gpt_4o_mini,126,0.0183,0.0047,0.0322,0.0064,0.0111,True
expert,en,aya_expanse,gpt_5_mini,126,-0.0387,-0.0541,-0.0238,0.0,0.0,True
expert,en,aya_expanse,llama_3_3_70b,126,0.0262,0.0145,0.0384,0.0,0.0,True
expert,en,aya_expanse,llama_4_maverick,126,0.0064,-0.0063,0.0198,0.3242,0.389,False
expert,en,aya_expanse,medgemma_27b,149,-0.0103,-0.0228,0.0019,0.0994,0.1475,False
expert,en,claude_haiku_4_5,claude_opus_4_7,126,0.0084,-0.0073,0.0255,0.3044,0.3791,False
expert,en,claude_haiku_4_5,cohere_command_a,126,0.0495,0.0352,0.065,0.0,0.0,True
expert,en,claude_haiku_4_5,gemini_3_flash,126,0.0389,0.0235,0.0547,0.0,0.0,True
expert,en,claude_haiku_4_5,gemini_3_pro,126,0.05,0.0358,0.0652,0.0,0.0,True
expert,en,claude_haiku_4_5,gemma_3_27b,126,0.0394,0.0252,0.054,0.0,0.0,True
expert,en,claude_haiku_4_5,gpt_4o_mini,126,0.0638,0.0483,0.0799,0.0,0.0,True
expert,en,claude_haiku_4_5,gpt_5_mini,126,0.0068,-0.0063,0.0206,0.318,0.3887,False
expert,en,claude_haiku_4_5,llama_3_3_70b,126,0.0718,0.0575,0.0868,0.0,0.0,True
expert,en,claude_haiku_4_5,llama_4_maverick,126,0.0519,0.0378,0.0666,0.0,0.0,True
expert,en,claude_haiku_4_5,medgemma_27b,126,0.0423,0.029,0.0563,0.0,0.0,True
expert,en,claude_opus_4_7,cohere_command_a,126,0.041,0.0261,0.0563,0.0,0.0,True
expert,en,claude_opus_4_7,gemini_3_flash,126,0.0305,0.0142,0.0463,0.0008,0.0015,True
expert,en,claude_opus_4_7,gemini_3_pro,126,0.0416,0.0263,0.0562,0.0,0.0,True
expert,en,claude_opus_4_7,gemma_3_27b,126,0.031,0.015,0.046,0.0002,0.0004,True
expert,en,claude_opus_4_7,gpt_4o_mini,126,0.0554,0.0393,0.072,0.0,0.0,True
expert,en,claude_opus_4_7,gpt_5_mini,126,-0.0016,-0.0151,0.0117,0.8092,0.8345,False
expert,en,claude_opus_4_7,llama_3_3_70b,126,0.0634,0.046,0.0799,0.0,0.0,True
expert,en,claude_opus_4_7,llama_4_maverick,126,0.0435,0.0248,0.0607,0.0,0.0,True
expert,en,claude_opus_4_7,medgemma_27b,149,0.034,0.0192,0.0488,0.0,0.0,True
expert,en,cohere_command_a,gemini_3_flash,126,-0.0105,-0.0222,0.0015,0.0802,0.126,False
expert,en,cohere_command_a,gemini_3_pro,126,0.0006,-0.0094,0.0108,0.908,0.9092,False
expert,en,cohere_command_a,gemma_3_27b,126,-0.0101,-0.0229,0.0024,0.1136,0.1562,False
expert,en,cohere_command_a,gpt_4o_mini,126,0.0144,0.003,0.026,0.0128,0.0217,True
expert,en,cohere_command_a,gpt_5_mini,126,-0.0426,-0.0566,-0.0292,0.0,0.0,True
expert,en,cohere_command_a,llama_3_3_70b,126,0.0223,0.011,0.0336,0.0002,0.0004,True
expert,en,cohere_command_a,llama_4_maverick,126,0.0024,-0.0101,0.0147,0.6952,0.7401,False
expert,en,cohere_command_a,medgemma_27b,126,-0.0072,-0.017,0.0032,0.1728,0.2281,False
expert,en,gemini_3_flash,gemini_3_pro,126,0.0111,-0.0033,0.0251,0.1282,0.1727,False
expert,en,gemini_3_flash,gemma_3_27b,126,0.0005,-0.0132,0.0137,0.9092,0.9092,False
expert,en,gemini_3_flash,gpt_4o_mini,126,0.0249,0.0119,0.0383,0.0004,0.0008,True
expert,en,gemini_3_flash,gpt_5_mini,126,-0.0321,-0.0467,-0.0181,0.0,0.0,True
expert,en,gemini_3_flash,llama_3_3_70b,126,0.0328,0.0196,0.0463,0.0,0.0,True
expert,en,gemini_3_flash,llama_4_maverick,126,0.013,-0.003,0.0279,0.105,0.1507,False
expert,en,gemini_3_flash,medgemma_27b,126,0.0034,-0.0081,0.0149,0.5526,0.6079,False
expert,en,gemini_3_pro,gemma_3_27b,126,-0.0106,-0.0232,0.0026,0.1108,0.1556,False
expert,en,gemini_3_pro,gpt_4o_mini,126,0.0138,0.002,0.0261,0.0206,0.034,True
expert,en,gemini_3_pro,gpt_5_mini,126,-0.0432,-0.0576,-0.0295,0.0,0.0,True
expert,en,gemini_3_pro,llama_3_3_70b,126,0.0217,0.0086,0.0345,0.0008,0.0015,True
expert,en,gemini_3_pro,llama_4_maverick,126,0.0019,-0.0108,0.0137,0.7496,0.7853,False
expert,en,gemini_3_pro,medgemma_27b,126,-0.0078,-0.0198,0.0046,0.2146,0.2724,False
expert,en,gemma_3_27b,gpt_4o_mini,126,0.0244,0.0131,0.0365,0.0002,0.0004,True
expert,en,gemma_3_27b,gpt_5_mini,126,-0.0326,-0.0472,-0.0181,0.0,0.0,True
expert,en,gemma_3_27b,llama_3_3_70b,126,0.0324,0.0213,0.0441,0.0,0.0,True
expert,en,gemma_3_27b,llama_4_maverick,126,0.0125,-0.0009,0.0258,0.0658,0.1059,False
expert,en,gemma_3_27b,medgemma_27b,126,0.0029,-0.0086,0.0144,0.6328,0.6847,False
expert,en,gpt_4o_mini,gpt_5_mini,126,-0.057,-0.0722,-0.0427,0.0,0.0,True
expert,en,gpt_4o_mini,llama_3_3_70b,126,0.0079,-0.0035,0.019,0.1772,0.2293,False
expert,en,gpt_4o_mini,llama_4_maverick,126,-0.0119,-0.0271,0.0023,0.1006,0.1475,False
expert,en,gpt_4o_mini,medgemma_27b,126,-0.0216,-0.0345,-0.0097,0.0006,0.0012,True
expert,en,gpt_5_mini,llama_3_3_70b,126,0.0649,0.0504,0.0799,0.0,0.0,True
expert,en,gpt_5_mini,llama_4_maverick,126,0.0451,0.03,0.0601,0.0,0.0,True
expert,en,gpt_5_mini,medgemma_27b,126,0.0354,0.0216,0.0488,0.0,0.0,True
expert,en,llama_3_3_70b,llama_4_maverick,126,-0.0199,-0.0334,-0.0075,0.001,0.0018,True
expert,en,llama_3_3_70b,medgemma_27b,126,-0.0295,-0.0406,-0.0189,0.0,0.0,True
expert,en,llama_4_maverick,medgemma_27b,126,-0.0096,-0.021,0.0017,0.0972,0.1475,False
expert,hi,aya_expanse,claude_haiku_4_5,126,-0.0545,-0.0722,-0.0378,0.0,0.0,True
expert,hi,aya_expanse,claude_opus_4_7,149,-0.069,-0.0874,-0.0505,0.0,0.0,True
expert,hi,aya_expanse,cohere_command_a,126,-0.0239,-0.0369,-0.0111,0.0,0.0,True
expert,hi,aya_expanse,gemini_3_flash,126,-0.0287,-0.0432,-0.0145,0.0,0.0,True
expert,hi,aya_expanse,gemini_3_pro,126,-0.0152,-0.0292,-0.001,0.0352,0.0484,True
expert,hi,aya_expanse,gemma_3_27b,126,-0.0143,-0.0272,-0.0015,0.0278,0.0417,True
expert,hi,aya_expanse,gpt_4o_mini,126,0.0081,-0.0054,0.0217,0.242,0.2802,False
expert,hi,aya_expanse,gpt_5_mini,126,-0.0466,-0.064,-0.0295,0.0,0.0,True
expert,hi,aya_expanse,llama_3_3_70b,126,0.0106,-0.0024,0.023,0.1036,0.1315,False
expert,hi,aya_expanse,llama_4_maverick,126,-0.0024,-0.0137,0.0086,0.6688,0.6897,False
expert,hi,aya_expanse,medgemma_27b,149,-0.0047,-0.0162,0.0076,0.4308,0.4586,False
expert,hi,claude_haiku_4_5,claude_opus_4_7,126,-0.0218,-0.0384,-0.0056,0.0088,0.0142,True
expert,hi,claude_haiku_4_5,cohere_command_a,126,0.0306,0.0156,0.0456,0.0,0.0,True
expert,hi,claude_haiku_4_5,gemini_3_flash,126,0.0257,0.0073,0.0441,0.008,0.0132,True
expert,hi,claude_haiku_4_5,gemini_3_pro,126,0.0393,0.0232,0.0557,0.0,0.0,True
expert,hi,claude_haiku_4_5,gemma_3_27b,126,0.0402,0.0238,0.0577,0.0,0.0,True
expert,hi,claude_haiku_4_5,gpt_4o_mini,126,0.0625,0.0442,0.0828,0.0,0.0,True
expert,hi,claude_haiku_4_5,gpt_5_mini,126,0.0078,-0.0088,0.0253,0.3654,0.4019,False
expert,hi,claude_haiku_4_5,llama_3_3_70b,126,0.065,0.0461,0.0844,0.0,0.0,True
expert,hi,claude_haiku_4_5,llama_4_maverick,126,0.0521,0.0355,0.0691,0.0,0.0,True
expert,hi,claude_haiku_4_5,medgemma_27b,126,0.0461,0.0285,0.0648,0.0,0.0,True
expert,hi,claude_opus_4_7,cohere_command_a,126,0.0524,0.0351,0.0712,0.0,0.0,True
expert,hi,claude_opus_4_7,gemini_3_flash,126,0.0475,0.0317,0.0636,0.0,0.0,True
expert,hi,claude_opus_4_7,gemini_3_pro,126,0.0611,0.0446,0.0781,0.0,0.0,True
expert,hi,claude_opus_4_7,gemma_3_27b,126,0.062,0.0461,0.0785,0.0,0.0,True
expert,hi,claude_opus_4_7,gpt_4o_mini,126,0.0843,0.0644,0.1051,0.0,0.0,True
expert,hi,claude_opus_4_7,gpt_5_mini,126,0.0296,0.0149,0.0452,0.0,0.0,True
expert,hi,claude_opus_4_7,llama_3_3_70b,126,0.0868,0.0664,0.1076,0.0,0.0,True
expert,hi,claude_opus_4_7,llama_4_maverick,126,0.0739,0.0553,0.0931,0.0,0.0,True
expert,hi,claude_opus_4_7,medgemma_27b,149,0.0643,0.0473,0.0824,0.0,0.0,True
expert,hi,cohere_command_a,gemini_3_flash,126,-0.0049,-0.0193,0.0092,0.5034,0.5274,False
expert,hi,cohere_command_a,gemini_3_pro,126,0.0087,-0.0052,0.023,0.232,0.2734,False
expert,hi,cohere_command_a,gemma_3_27b,126,0.0096,-0.0045,0.0247,0.1882,0.2258,False
expert,hi,cohere_command_a,gpt_4o_mini,126,0.032,0.0169,0.0476,0.0,0.0,True
expert,hi,cohere_command_a,gpt_5_mini,126,-0.0228,-0.0385,-0.0063,0.0072,0.0122,True
expert,hi,cohere_command_a,llama_3_3_70b,126,0.0345,0.0179,0.0513,0.0004,0.0009,True
expert,hi,cohere_command_a,llama_4_maverick,126,0.0215,0.0078,0.0363,0.0036,0.0063,True
expert,hi,cohere_command_a,medgemma_27b,126,0.0155,0.0019,0.0294,0.0284,0.0417,True
expert,hi,gemini_3_flash,gemini_3_pro,126,0.0136,0.0014,0.0263,0.0296,0.0425,True
expert,hi,gemini_3_flash,gemma_3_27b,126,0.0145,0.0006,0.029,0.0414,0.0546,False
expert,hi,gemini_3_flash,gpt_4o_mini,126,0.0368,0.0216,0.0529,0.0,0.0,True
expert,hi,gemini_3_flash,gpt_5_mini,126,-0.0179,-0.0336,-0.0018,0.0312,0.0438,True
expert,hi,gemini_3_flash,llama_3_3_70b,126,0.0393,0.0217,0.0571,0.0,0.0,True
expert,hi,gemini_3_flash,llama_4_maverick,126,0.0263,0.0103,0.0424,0.0016,0.0033,True
expert,hi,gemini_3_flash,medgemma_27b,126,0.0204,0.007,0.0347,0.0032,0.0057,True
expert,hi,gemini_3_pro,gemma_3_27b,126,0.0009,-0.0138,0.0158,0.8948,0.8948,False
expert,hi,gemini_3_pro,gpt_4o_mini,126,0.0232,0.0079,0.0386,0.0032,0.0057,True
expert,hi,gemini_3_pro,gpt_5_mini,126,-0.0315,-0.0484,-0.014,0.0004,0.0009,True
expert,hi,gemini_3_pro,llama_3_3_70b,126,0.0257,0.0083,0.0434,0.0028,0.0053,True
expert,hi,gemini_3_pro,llama_4_maverick,126,0.0128,-0.0031,0.0282,0.1082,0.1347,False
expert,hi,gemini_3_pro,medgemma_27b,126,0.0068,-0.0067,0.0208,0.3276,0.3665,False
expert,hi,gemma_3_27b,gpt_4o_mini,126,0.0224,0.0084,0.0371,0.0018,0.0036,True
expert,hi,gemma_3_27b,gpt_5_mini,126,-0.0324,-0.0473,-0.0181,0.0,0.0,True
expert,hi,gemma_3_27b,llama_3_3_70b,126,0.0248,0.01,0.0404,0.0022,0.0043,True
expert,hi,gemma_3_27b,llama_4_maverick,126,0.0119,-0.0017,0.0253,0.0844,0.1092,False
expert,hi,gemma_3_27b,medgemma_27b,126,0.0059,-0.0049,0.0177,0.3008,0.3423,False
expert,hi,gpt_4o_mini,gpt_5_mini,126,-0.0547,-0.072,-0.0375,0.0,0.0,True
expert,hi,gpt_4o_mini,llama_3_3_70b,126,0.0025,-0.013,0.017,0.7396,0.751,False
expert,hi,gpt_4o_mini,llama_4_maverick,126,-0.0105,-0.0252,0.0035,0.1498,0.1831,False
expert,hi,gpt_4o_mini,medgemma_27b,126,-0.0164,-0.0299,-0.0035,0.0138,0.0217,True
expert,hi,gpt_5_mini,llama_3_3_70b,126,0.0572,0.0374,0.0767,0.0,0.0,True
expert,hi,gpt_5_mini,llama_4_maverick,126,0.0442,0.0276,0.0614,0.0,0.0,True
expert,hi,gpt_5_mini,medgemma_27b,126,0.0383,0.0229,0.0544,0.0,0.0,True
expert,hi,llama_3_3_70b,llama_4_maverick,126,-0.013,-0.0259,-0.0006,0.041,0.0546,False
expert,hi,llama_3_3_70b,medgemma_27b,126,-0.0189,-0.034,-0.0033,0.0158,0.0243,True
expert,hi,llama_4_maverick,medgemma_27b,126,-0.006,-0.0195,0.0083,0.3894,0.4213,False
expert,mr,aya_expanse,claude_haiku_4_5,126,-0.1054,-0.1263,-0.0851,0.0,0.0,True
expert,mr,aya_expanse,claude_opus_4_7,149,-0.1615,-0.1857,-0.1376,0.0,0.0,True
expert,mr,aya_expanse,cohere_command_a,126,-0.0449,-0.061,-0.0287,0.0,0.0,True
expert,mr,aya_expanse,gemini_3_flash,126,-0.084,-0.1021,-0.0655,0.0,0.0,True
expert,mr,aya_expanse,gemini_3_pro,126,-0.052,-0.0703,-0.0334,0.0,0.0,True
expert,mr,aya_expanse,gemma_3_27b,126,-0.0444,-0.0614,-0.0273,0.0,0.0,True
expert,mr,aya_expanse,gpt_4o_mini,126,-0.013,-0.0292,0.0034,0.1298,0.1586,False
expert,mr,aya_expanse,gpt_5_mini,126,-0.073,-0.092,-0.0544,0.0,0.0,True
expert,mr,aya_expanse,llama_3_3_70b,126,-0.0196,-0.0352,-0.0042,0.016,0.0207,True
expert,mr,aya_expanse,llama_4_maverick,126,-0.0401,-0.0562,-0.0246,0.0,0.0,True
expert,mr,aya_expanse,medgemma_27b,149,-0.0478,-0.0652,-0.0313,0.0,0.0,True
expert,mr,claude_haiku_4_5,claude_opus_4_7,126,-0.0534,-0.0732,-0.0345,0.0,0.0,True
expert,mr,claude_haiku_4_5,cohere_command_a,126,0.0605,0.0453,0.0757,0.0,0.0,True
expert,mr,claude_haiku_4_5,gemini_3_flash,126,0.0215,0.0032,0.0397,0.0224,0.0279,True
expert,mr,claude_haiku_4_5,gemini_3_pro,126,0.0534,0.0331,0.0728,0.0,0.0,True
expert,mr,claude_haiku_4_5,gemma_3_27b,126,0.061,0.0432,0.079,0.0,0.0,True
expert,mr,claude_haiku_4_5,gpt_4o_mini,126,0.0925,0.0734,0.1119,0.0,0.0,True
expert,mr,claude_haiku_4_5,gpt_5_mini,126,0.0324,0.0155,0.05,0.0,0.0,True
expert,mr,claude_haiku_4_5,llama_3_3_70b,126,0.0858,0.068,0.1039,0.0,0.0,True
expert,mr,claude_haiku_4_5,llama_4_maverick,126,0.0654,0.0478,0.0833,0.0,0.0,True
expert,mr,claude_haiku_4_5,medgemma_27b,126,0.0623,0.043,0.0814,0.0,0.0,True
expert,mr,claude_opus_4_7,cohere_command_a,126,0.114,0.0919,0.1366,0.0,0.0,True
expert,mr,claude_opus_4_7,gemini_3_flash,126,0.0749,0.0526,0.0961,0.0,0.0,True
expert,mr,claude_opus_4_7,gemini_3_pro,126,0.1069,0.0849,0.1287,0.0,0.0,True
expert,mr,claude_opus_4_7,gemma_3_27b,126,0.1144,0.0933,0.1357,0.0,0.0,True
expert,mr,claude_opus_4_7,gpt_4o_mini,126,0.1459,0.1211,0.1712,0.0,0.0,True
expert,mr,claude_opus_4_7,gpt_5_mini,126,0.0858,0.0652,0.1072,0.0,0.0,True
expert,mr,claude_opus_4_7,llama_3_3_70b,126,0.1393,0.1181,0.1609,0.0,0.0,True
expert,mr,claude_opus_4_7,llama_4_maverick,126,0.1188,0.0959,0.1427,0.0,0.0,True
expert,mr,claude_opus_4_7,medgemma_27b,149,0.1137,0.093,0.1349,0.0,0.0,True
expert,mr,cohere_command_a,gemini_3_flash,126,-0.0391,-0.0554,-0.0224,0.0,0.0,True
expert,mr,cohere_command_a,gemini_3_pro,126,-0.0071,-0.0241,0.0089,0.3994,0.4468,False
expert,mr,cohere_command_a,gemma_3_27b,126,0.0004,-0.014,0.0149,0.9484,0.9484,False
expert,mr,cohere_command_a,gpt_4o_mini,126,0.0319,0.0185,0.0463,0.0,0.0,True
expert,mr,cohere_command_a,gpt_5_mini,126,-0.0281,-0.0419,-0.0131,0.0002,0.0003,True
expert,mr,cohere_command_a,llama_3_3_70b,126,0.0253,0.0084,0.0428,0.0032,0.0045,True
expert,mr,cohere_command_a,llama_4_maverick,126,0.0048,-0.0101,0.0196,0.516,0.5583,False
expert,mr,cohere_command_a,medgemma_27b,126,0.0017,-0.0131,0.0162,0.8008,0.8258,False
expert,mr,gemini_3_flash,gemini_3_pro,126,0.0319,0.0156,0.0485,0.0,0.0,True
expert,mr,gemini_3_flash,gemma_3_27b,126,0.0395,0.0227,0.0563,0.0,0.0,True
expert,mr,gemini_3_flash,gpt_4o_mini,126,0.071,0.0529,0.0898,0.0,0.0,True
expert,mr,gemini_3_flash,gpt_5_mini,126,0.0109,-0.0061,0.0278,0.2164,0.255,False
expert,mr,gemini_3_flash,llama_3_3_70b,126,0.0644,0.0446,0.0844,0.0,0.0,True
expert,mr,gemini_3_flash,llama_4_maverick,126,0.0439,0.0267,0.0604,0.0,0.0,True
expert,mr,gemini_3_flash,medgemma_27b,126,0.0408,0.0237,0.0586,0.0,0.0,True
expert,mr,gemini_3_pro,gemma_3_27b,126,0.0076,-0.0072,0.0234,0.3388,0.3855,False
expert,mr,gemini_3_pro,gpt_4o_mini,126,0.039,0.023,0.0551,0.0,0.0,True
expert,mr,gemini_3_pro,gpt_5_mini,126,-0.021,-0.0392,-0.003,0.0218,0.0277,True
expert,mr,gemini_3_pro,llama_3_3_70b,126,0.0324,0.0146,0.0512,0.0002,0.0003,True
expert,mr,gemini_3_pro,llama_4_maverick,126,0.0119,-0.0058,0.0305,0.1866,0.2239,False
expert,mr,gemini_3_pro,medgemma_27b,126,0.0088,-0.0064,0.0239,0.2458,0.2846,False
expert,mr,gemma_3_27b,gpt_4o_mini,126,0.0315,0.0162,0.0471,0.0,0.0,True
expert,mr,gemma_3_27b,gpt_5_mini,126,-0.0286,-0.0466,-0.0105,0.0022,0.0032,True
expert,mr,gemma_3_27b,llama_3_3_70b,126,0.0248,0.008,0.0425,0.0044,0.006,True
expert,mr,gemma_3_27b,llama_4_maverick,126,0.0044,-0.0129,0.0216,0.625,0.6653,False
expert,mr,gemma_3_27b,medgemma_27b,126,0.0013,-0.013,0.0148,0.8558,0.869,False
expert,mr,gpt_4o_mini,gpt_5_mini,126,-0.0601,-0.077,-0.0446,0.0,0.0,True
expert,mr,gpt_4o_mini,llama_3_3_70b,126,-0.0066,-0.0236,0.0104,0.4508,0.4959,False
expert,mr,gpt_4o_mini,llama_4_maverick,126,-0.0271,-0.0442,-0.0105,0.0016,0.0024,True
expert,mr,gpt_4o_mini,medgemma_27b,126,-0.0302,-0.0476,-0.0134,0.0,0.0,True
expert,mr,gpt_5_mini,llama_3_3_70b,126,0.0534,0.0359,0.071,0.0,0.0,True
expert,mr,gpt_5_mini,llama_4_maverick,126,0.033,0.0174,0.0486,0.0,0.0,True
expert,mr,gpt_5_mini,medgemma_27b,126,0.0299,0.0113,0.0477,0.0022,0.0032,True
expert,mr,llama_3_3_70b,llama_4_maverick,126,-0.0205,-0.035,-0.0054,0.0076,0.0102,True
expert,mr,llama_3_3_70b,medgemma_27b,126,-0.0236,-0.0415,-0.0062,0.0078,0.0103,True
expert,mr,llama_4_maverick,medgemma_27b,126,-0.0031,-0.0196,0.0131,0.7064,0.74,False
non_expert,en,aya_expanse,claude_haiku_4_5,231,-0.0304,-0.044,-0.0161,0.0,0.0,True
non_expert,en,aya_expanse,claude_opus_4_7,231,-0.0779,-0.097,-0.0587,0.0,0.0,True
non_expert,en,aya_expanse,cohere_command_a,231,-0.0106,-0.0205,-0.0003,0.044,0.0545,False
non_expert,en,aya_expanse,gemini_3_flash,231,-0.014,-0.0251,-0.0025,0.0176,0.0241,True
non_expert,en,aya_expanse,gemini_3_pro,231,-0.006,-0.0166,0.0051,0.281,0.3177,False
non_expert,en,aya_expanse,gemma_3_27b,231,-0.0126,-0.0237,-0.0013,0.0286,0.0372,True
non_expert,en,aya_expanse,gpt_4o_mini,231,0.0063,-0.0043,0.0171,0.2496,0.2906,False
non_expert,en,aya_expanse,gpt_5_mini,231,-0.0355,-0.0489,-0.0218,0.0,0.0,True
non_expert,en,aya_expanse,llama_3_3_70b,231,0.0135,0.0029,0.0242,0.01,0.0139,True
non_expert,en,aya_expanse,llama_4_maverick,231,0.0186,0.0079,0.0298,0.0006,0.0009,True
non_expert,en,aya_expanse,medgemma_27b,231,-0.0116,-0.0219,-0.0012,0.03,0.0377,True
non_expert,en,aya_expanse,medgemma_4b,231,0.0564,0.0398,0.073,0.0,0.0,True
non_expert,en,claude_haiku_4_5,claude_opus_4_7,231,-0.0475,-0.0669,-0.0289,0.0,0.0,True
non_expert,en,claude_haiku_4_5,cohere_command_a,231,0.0198,0.0055,0.0341,0.0044,0.0065,True
non_expert,en,claude_haiku_4_5,gemini_3_flash,231,0.0164,0.0023,0.0308,0.0238,0.0315,True
non_expert,en,claude_haiku_4_5,gemini_3_pro,231,0.0244,0.0106,0.0377,0.0004,0.0006,True
non_expert,en,claude_haiku_4_5,gemma_3_27b,231,0.0178,0.0047,0.0306,0.0072,0.0102,True
non_expert,en,claude_haiku_4_5,gpt_4o_mini,231,0.0367,0.0223,0.0509,0.0,0.0,True
non_expert,en,claude_haiku_4_5,gpt_5_mini,231,-0.0051,-0.0192,0.0095,0.5044,0.5389,False
non_expert,en,claude_haiku_4_5,llama_3_3_70b,231,0.0439,0.0291,0.0588,0.0,0.0,True
non_expert,en,claude_haiku_4_5,llama_4_maverick,231,0.049,0.0342,0.0635,0.0,0.0,True
non_expert,en,claude_haiku_4_5,medgemma_27b,231,0.0188,0.0056,0.0317,0.005,0.0072,True
non_expert,en,claude_haiku_4_5,medgemma_4b,231,0.0868,0.0679,0.1056,0.0,0.0,True
non_expert,en,claude_opus_4_7,cohere_command_a,231,0.0674,0.0489,0.086,0.0,0.0,True
non_expert,en,claude_opus_4_7,gemini_3_flash,231,0.0639,0.0458,0.0822,0.0,0.0,True
non_expert,en,claude_opus_4_7,gemini_3_pro,231,0.072,0.0532,0.0903,0.0,0.0,True
non_expert,en,claude_opus_4_7,gemma_3_27b,231,0.0653,0.0462,0.0839,0.0,0.0,True
non_expert,en,claude_opus_4_7,gpt_4o_mini,231,0.0842,0.0649,0.1034,0.0,0.0,True
non_expert,en,claude_opus_4_7,gpt_5_mini,231,0.0424,0.0248,0.0599,0.0,0.0,True
non_expert,en,claude_opus_4_7,llama_3_3_70b,231,0.0914,0.0711,0.1119,0.0,0.0,True
non_expert,en,claude_opus_4_7,llama_4_maverick,231,0.0965,0.0783,0.1147,0.0,0.0,True
non_expert,en,claude_opus_4_7,medgemma_27b,231,0.0663,0.0476,0.0847,0.0,0.0,True
non_expert,en,claude_opus_4_7,medgemma_4b,231,0.1343,0.1133,0.1546,0.0,0.0,True
non_expert,en,cohere_command_a,gemini_3_flash,231,-0.0034,-0.0129,0.0064,0.4982,0.5389,False
non_expert,en,cohere_command_a,gemini_3_pro,231,0.0046,-0.0058,0.0151,0.3902,0.4287,False
non_expert,en,cohere_command_a,gemma_3_27b,231,-0.0021,-0.0127,0.008,0.7,0.728,False
non_expert,en,cohere_command_a,gpt_4o_mini,231,0.0169,0.0068,0.0276,0.0016,0.0024,True
non_expert,en,cohere_command_a,gpt_5_mini,231,-0.025,-0.0374,-0.0129,0.0,0.0,True
non_expert,en,cohere_command_a,llama_3_3_70b,231,0.0241,0.0144,0.034,0.0,0.0,True
non_expert,en,cohere_command_a,llama_4_maverick,231,0.0291,0.0184,0.0402,0.0,0.0,True
non_expert,en,cohere_command_a,medgemma_27b,231,-0.0011,-0.0114,0.0087,0.8414,0.8414,False
non_expert,en,cohere_command_a,medgemma_4b,231,0.0669,0.0517,0.0827,0.0,0.0,True
non_expert,en,gemini_3_flash,gemini_3_pro,231,0.008,-0.0031,0.0194,0.1586,0.1933,False
non_expert,en,gemini_3_flash,gemma_3_27b,231,0.0014,-0.0095,0.0128,0.7978,0.8188,False
non_expert,en,gemini_3_flash,gpt_4o_mini,231,0.0203,0.0097,0.0313,0.0002,0.0003,True
non_expert,en,gemini_3_flash,gpt_5_mini,231,-0.0215,-0.034,-0.0091,0.0014,0.0021,True
non_expert,en,gemini_3_flash,llama_3_3_70b,231,0.0275,0.0155,0.0401,0.0,0.0,True
non_expert,en,gemini_3_flash,llama_4_maverick,231,0.0326,0.0208,0.0446,0.0,0.0,True
non_expert,en,gemini_3_flash,medgemma_27b,231,0.0024,-0.0083,0.0128,0.657,0.6925,False
non_expert,en,gemini_3_flash,medgemma_4b,231,0.0704,0.0528,0.0885,0.0,0.0,True
non_expert,en,gemini_3_pro,gemma_3_27b,231,-0.0067,-0.0167,0.0031,0.1892,0.2236,False
non_expert,en,gemini_3_pro,gpt_4o_mini,231,0.0123,0.0013,0.0227,0.0292,0.0373,True
non_expert,en,gemini_3_pro,gpt_5_mini,231,-0.0296,-0.0424,-0.0168,0.0,0.0,True
non_expert,en,gemini_3_pro,llama_3_3_70b,231,0.0195,0.0092,0.0295,0.0002,0.0003,True
non_expert,en,gemini_3_pro,llama_4_maverick,231,0.0246,0.0133,0.036,0.0,0.0,True
non_expert,en,gemini_3_pro,medgemma_27b,231,-0.0057,-0.0156,0.0045,0.2706,0.3104,False
non_expert,en,gemini_3_pro,medgemma_4b,231,0.0623,0.0466,0.0785,0.0,0.0,True
non_expert,en,gemma_3_27b,gpt_4o_mini,231,0.0189,0.0085,0.0294,0.0002,0.0003,True
non_expert,en,gemma_3_27b,gpt_5_mini,231,-0.0229,-0.0353,-0.011,0.0,0.0,True
non_expert,en,gemma_3_27b,llama_3_3_70b,231,0.0261,0.0153,0.0368,0.0,0.0,True
non_expert,en,gemma_3_27b,llama_4_maverick,231,0.0312,0.0205,0.0421,0.0,0.0,True
non_expert,en,gemma_3_27b,medgemma_27b,231,0.001,-0.0078,0.0098,0.8296,0.8404,False
non_expert,en,gemma_3_27b,medgemma_4b,231,0.069,0.0533,0.0854,0.0,0.0,True
non_expert,en,gpt_4o_mini,gpt_5_mini,231,-0.0418,-0.0553,-0.0283,0.0,0.0,True
non_expert,en,gpt_4o_mini,llama_3_3_70b,231,0.0072,-0.0032,0.0176,0.1662,0.1994,False
non_expert,en,gpt_4o_mini,llama_4_maverick,231,0.0123,0.0017,0.0228,0.0216,0.029,True
non_expert,en,gpt_4o_mini,medgemma_27b,231,-0.0179,-0.0278,-0.0083,0.0004,0.0006,True
non_expert,en,gpt_4o_mini,medgemma_4b,231,0.0501,0.0348,0.0656,0.0,0.0,True
non_expert,en,gpt_5_mini,llama_3_3_70b,231,0.049,0.0349,0.063,0.0,0.0,True
non_expert,en,gpt_5_mini,llama_4_maverick,231,0.0541,0.0407,0.0676,0.0,0.0,True
non_expert,en,gpt_5_mini,medgemma_27b,231,0.0239,0.0108,0.0371,0.0002,0.0003,True
non_expert,en,gpt_5_mini,medgemma_4b,231,0.0919,0.0739,0.11,0.0,0.0,True
non_expert,en,llama_3_3_70b,llama_4_maverick,231,0.0051,-0.0048,0.0152,0.33,0.3677,False
non_expert,en,llama_3_3_70b,medgemma_27b,231,-0.0251,-0.0349,-0.0151,0.0,0.0,True
non_expert,en,llama_3_3_70b,medgemma_4b,231,0.0429,0.0275,0.0582,0.0,0.0,True
non_expert,en,llama_4_maverick,medgemma_27b,231,-0.0302,-0.0409,-0.0198,0.0,0.0,True
non_expert,en,llama_4_maverick,medgemma_4b,231,0.0378,0.0231,0.0527,0.0,0.0,True
non_expert,en,medgemma_27b,medgemma_4b,231,0.068,0.0533,0.0829,0.0,0.0,True
non_expert,hi,aya_expanse,claude_haiku_4_5,231,-0.0532,-0.0653,-0.0413,0.0,0.0,True
non_expert,hi,aya_expanse,claude_opus_4_7,231,-0.1228,-0.1422,-0.104,0.0,0.0,True
non_expert,hi,aya_expanse,cohere_command_a,231,-0.0116,-0.0229,-0.0003,0.0448,0.0564,False
non_expert,hi,aya_expanse,gemini_3_flash,231,-0.0388,-0.0521,-0.0252,0.0,0.0,True
non_expert,hi,aya_expanse,gemini_3_pro,231,-0.0137,-0.026,-0.0015,0.0264,0.0343,True
non_expert,hi,aya_expanse,gemma_3_27b,231,-0.0265,-0.0377,-0.0151,0.0,0.0,True
non_expert,hi,aya_expanse,gpt_4o_mini,231,-0.0058,-0.0167,0.0051,0.2858,0.3096,False
non_expert,hi,aya_expanse,gpt_5_mini,231,-0.0502,-0.0655,-0.0353,0.0,0.0,True
non_expert,hi,aya_expanse,llama_3_3_70b,231,0.0061,-0.0045,0.0167,0.2644,0.2905,False
non_expert,hi,aya_expanse,llama_4_maverick,231,-0.007,-0.0173,0.0034,0.1894,0.2173,False
non_expert,hi,aya_expanse,medgemma_27b,231,-0.023,-0.0352,-0.0113,0.0002,0.0003,True
non_expert,hi,aya_expanse,medgemma_4b,231,0.0411,0.0264,0.0561,0.0,0.0,True
non_expert,hi,claude_haiku_4_5,claude_opus_4_7,231,-0.0695,-0.0874,-0.0524,0.0,0.0,True
non_expert,hi,claude_haiku_4_5,cohere_command_a,231,0.0416,0.0293,0.0543,0.0,0.0,True
non_expert,hi,claude_haiku_4_5,gemini_3_flash,231,0.0144,0.0022,0.0265,0.021,0.0282,True
non_expert,hi,claude_haiku_4_5,gemini_3_pro,231,0.0395,0.0272,0.0518,0.0,0.0,True
non_expert,hi,claude_haiku_4_5,gemma_3_27b,231,0.0267,0.0142,0.0395,0.0,0.0,True
non_expert,hi,claude_haiku_4_5,gpt_4o_mini,231,0.0474,0.0353,0.0603,0.0,0.0,True
non_expert,hi,claude_haiku_4_5,gpt_5_mini,231,0.003,-0.011,0.0178,0.6948,0.7131,False
non_expert,hi,claude_haiku_4_5,llama_3_3_70b,231,0.0593,0.0464,0.0727,0.0,0.0,True
non_expert,hi,claude_haiku_4_5,llama_4_maverick,231,0.0462,0.0348,0.0579,0.0,0.0,True
non_expert,hi,claude_haiku_4_5,medgemma_27b,231,0.0302,0.0177,0.0428,0.0,0.0,True
non_expert,hi,claude_haiku_4_5,medgemma_4b,231,0.0943,0.0773,0.1114,0.0,0.0,True
non_expert,hi,claude_opus_4_7,cohere_command_a,231,0.1112,0.0939,0.1285,0.0,0.0,True
non_expert,hi,claude_opus_4_7,gemini_3_flash,231,0.0839,0.0664,0.102,0.0,0.0,True
non_expert,hi,claude_opus_4_7,gemini_3_pro,231,0.109,0.0911,0.1272,0.0,0.0,True
non_expert,hi,claude_opus_4_7,gemma_3_27b,231,0.0963,0.0766,0.1161,0.0,0.0,True
non_expert,hi,claude_opus_4_7,gpt_4o_mini,231,0.117,0.098,0.1367,0.0,0.0,True
non_expert,hi,claude_opus_4_7,gpt_5_mini,231,0.0726,0.055,0.09,0.0,0.0,True
non_expert,hi,claude_opus_4_7,llama_3_3_70b,231,0.1288,0.1095,0.1487,0.0,0.0,True
non_expert,hi,claude_opus_4_7,llama_4_maverick,231,0.1158,0.0975,0.1348,0.0,0.0,True
non_expert,hi,claude_opus_4_7,medgemma_27b,231,0.0998,0.0807,0.1196,0.0,0.0,True
non_expert,hi,claude_opus_4_7,medgemma_4b,231,0.1639,0.141,0.1872,0.0,0.0,True
non_expert,hi,cohere_command_a,gemini_3_flash,231,-0.0272,-0.041,-0.0138,0.0,0.0,True
non_expert,hi,cohere_command_a,gemini_3_pro,231,-0.0021,-0.0144,0.0096,0.7312,0.7407,False
non_expert,hi,cohere_command_a,gemma_3_27b,231,-0.0149,-0.0278,-0.0022,0.0204,0.0279,True
non_expert,hi,cohere_command_a,gpt_4o_mini,231,0.0058,-0.0059,0.0177,0.3256,0.3479,False
non_expert,hi,cohere_command_a,gpt_5_mini,231,-0.0386,-0.051,-0.0262,0.0,0.0,True
non_expert,hi,cohere_command_a,llama_3_3_70b,231,0.0177,0.0036,0.0314,0.0148,0.0206,True
non_expert,hi,cohere_command_a,llama_4_maverick,231,0.0046,-0.0069,0.0163,0.4468,0.471,False
non_expert,hi,cohere_command_a,medgemma_27b,231,-0.0114,-0.024,0.001,0.0724,0.0882,False
non_expert,hi,cohere_command_a,medgemma_4b,231,0.0527,0.0362,0.0698,0.0,0.0,True
non_expert,hi,gemini_3_flash,gemini_3_pro,231,0.0251,0.0126,0.0381,0.0002,0.0003,True
non_expert,hi,gemini_3_flash,gemma_3_27b,231,0.0123,-0.0011,0.0255,0.068,0.0842,False
non_expert,hi,gemini_3_flash,gpt_4o_mini,231,0.033,0.0188,0.0467,0.0,0.0,True
non_expert,hi,gemini_3_flash,gpt_5_mini,231,-0.0114,-0.0252,0.0022,0.1038,0.1227,False
non_expert,hi,gemini_3_flash,llama_3_3_70b,231,0.0449,0.0294,0.0604,0.0,0.0,True
non_expert,hi,gemini_3_flash,llama_4_maverick,231,0.0318,0.0184,0.0455,0.0,0.0,True
non_expert,hi,gemini_3_flash,medgemma_27b,231,0.0158,0.0015,0.0304,0.033,0.0422,True
non_expert,hi,gemini_3_flash,medgemma_4b,231,0.0799,0.0621,0.0981,0.0,0.0,True
non_expert,hi,gemini_3_pro,gemma_3_27b,231,-0.0128,-0.024,-0.0015,0.0236,0.0312,True
non_expert,hi,gemini_3_pro,gpt_4o_mini,231,0.0079,-0.0048,0.0206,0.2168,0.2451,False
non_expert,hi,gemini_3_pro,gpt_5_mini,231,-0.0365,-0.05,-0.0232,0.0,0.0,True
non_expert,hi,gemini_3_pro,llama_3_3_70b,231,0.0198,0.0066,0.0331,0.0034,0.005,True
non_expert,hi,gemini_3_pro,llama_4_maverick,231,0.0067,-0.0044,0.0178,0.242,0.2697,False
non_expert,hi,gemini_3_pro,medgemma_27b,231,-0.0093,-0.0208,0.0021,0.1098,0.1278,False
non_expert,hi,gemini_3_pro,medgemma_4b,231,0.0548,0.0389,0.0712,0.0,0.0,True
non_expert,hi,gemma_3_27b,gpt_4o_mini,231,0.0207,0.009,0.0322,0.0002,0.0003,True
non_expert,hi,gemma_3_27b,gpt_5_mini,231,-0.0237,-0.0383,-0.009,0.0016,0.0024,True
non_expert,hi,gemma_3_27b,llama_3_3_70b,231,0.0326,0.0198,0.0451,0.0,0.0,True
non_expert,hi,gemma_3_27b,llama_4_maverick,231,0.0195,0.0086,0.0304,0.0004,0.0006,True
non_expert,hi,gemma_3_27b,medgemma_27b,231,0.0035,-0.0074,0.0142,0.5384,0.5599,False
non_expert,hi,gemma_3_27b,medgemma_4b,231,0.0676,0.0532,0.0824,0.0,0.0,True
non_expert,hi,gpt_4o_mini,gpt_5_mini,231,-0.0444,-0.0585,-0.0297,0.0,0.0,True
non_expert,hi,gpt_4o_mini,llama_3_3_70b,231,0.0119,-0.0012,0.0248,0.0742,0.089,False
non_expert,hi,gpt_4o_mini,llama_4_maverick,231,-0.0012,-0.0122,0.0098,0.8312,0.8312,False
non_expert,hi,gpt_4o_mini,medgemma_27b,231,-0.0172,-0.0282,-0.0063,0.0016,0.0024,True
non_expert,hi,gpt_4o_mini,medgemma_4b,231,0.0469,0.0317,0.0626,0.0,0.0,True
non_expert,hi,gpt_5_mini,llama_3_3_70b,231,0.0563,0.0397,0.0734,0.0,0.0,True
non_expert,hi,gpt_5_mini,llama_4_maverick,231,0.0432,0.029,0.0577,0.0,0.0,True
non_expert,hi,gpt_5_mini,medgemma_27b,231,0.0272,0.0122,0.0422,0.0002,0.0003,True
non_expert,hi,gpt_5_mini,medgemma_4b,231,0.0913,0.0724,0.1095,0.0,0.0,True
non_expert,hi,llama_3_3_70b,llama_4_maverick,231,-0.0131,-0.0229,-0.0033,0.0092,0.013,True
non_expert,hi,llama_3_3_70b,medgemma_27b,231,-0.0291,-0.0417,-0.0167,0.0,0.0,True
non_expert,hi,llama_3_3_70b,medgemma_4b,231,0.035,0.0203,0.0502,0.0,0.0,True
non_expert,hi,llama_4_maverick,medgemma_27b,231,-0.016,-0.0275,-0.005,0.0038,0.0055,True
non_expert,hi,llama_4_maverick,medgemma_4b,231,0.0481,0.033,0.0635,0.0,0.0,True
non_expert,hi,medgemma_27b,medgemma_4b,231,0.0641,0.0481,0.0797,0.0,0.0,True
non_expert,mr,aya_expanse,claude_haiku_4_5,231,-0.0687,-0.0831,-0.054,0.0,0.0,True
non_expert,mr,aya_expanse,claude_opus_4_7,231,-0.1261,-0.1475,-0.1047,0.0,0.0,True
non_expert,mr,aya_expanse,cohere_command_a,231,-0.0139,-0.0268,-0.0008,0.0354,0.0418,True
non_expert,mr,aya_expanse,gemini_3_flash,231,-0.0663,-0.0816,-0.0507,0.0,0.0,True
non_expert,mr,aya_expanse,gemini_3_pro,231,-0.0445,-0.0583,-0.0309,0.0,0.0,True
non_expert,mr,aya_expanse,gemma_3_27b,231,-0.0509,-0.0636,-0.0382,0.0,0.0,True
non_expert,mr,aya_expanse,gpt_4o_mini,231,-0.0218,-0.034,-0.0097,0.0012,0.0017,True
non_expert,mr,aya_expanse,gpt_5_mini,231,-0.0821,-0.0981,-0.0658,0.0,0.0,True
non_expert,mr,aya_expanse,llama_3_3_70b,231,-0.0119,-0.0247,0.001,0.0734,0.0842,False
non_expert,mr,aya_expanse,llama_4_maverick,231,-0.0313,-0.0448,-0.0175,0.0,0.0,True
non_expert,mr,aya_expanse,medgemma_27b,231,-0.0455,-0.0589,-0.0322,0.0,0.0,True
non_expert,mr,aya_expanse,medgemma_4b,231,0.0069,-0.0103,0.0242,0.421,0.4378,False
non_expert,mr,claude_haiku_4_5,claude_opus_4_7,231,-0.0575,-0.0755,-0.0392,0.0,0.0,True
non_expert,mr,claude_haiku_4_5,cohere_command_a,231,0.0548,0.0418,0.0679,0.0,0.0,True
non_expert,mr,claude_haiku_4_5,gemini_3_flash,231,0.0024,-0.0104,0.0151,0.7174,0.7363,False
non_expert,mr,claude_haiku_4_5,gemini_3_pro,231,0.0242,0.0117,0.037,0.0,0.0,True
non_expert,mr,claude_haiku_4_5,gemma_3_27b,231,0.0178,0.0058,0.0299,0.0034,0.0045,True
non_expert,mr,claude_haiku_4_5,gpt_4o_mini,231,0.0468,0.0352,0.0589,0.0,0.0,True
non_expert,mr,claude_haiku_4_5,gpt_5_mini,231,-0.0134,-0.0263,-0.0007,0.039,0.0454,True
non_expert,mr,claude_haiku_4_5,llama_3_3_70b,231,0.0568,0.0433,0.0704,0.0,0.0,True
non_expert,mr,claude_haiku_4_5,llama_4_maverick,231,0.0374,0.0237,0.0507,0.0,0.0,True
non_expert,mr,claude_haiku_4_5,medgemma_27b,231,0.0232,0.0117,0.0346,0.0,0.0,True
non_expert,mr,claude_haiku_4_5,medgemma_4b,231,0.0756,0.0575,0.0934,0.0,0.0,True
non_expert,mr,claude_opus_4_7,cohere_command_a,231,0.1122,0.092,0.1318,0.0,0.0,True
non_expert,mr,claude_opus_4_7,gemini_3_flash,231,0.0599,0.0411,0.0794,0.0,0.0,True
non_expert,mr,claude_opus_4_7,gemini_3_pro,231,0.0817,0.0615,0.1018,0.0,0.0,True
non_expert,mr,claude_opus_4_7,gemma_3_27b,231,0.0753,0.0563,0.0945,0.0,0.0,True
non_expert,mr,claude_opus_4_7,gpt_4o_mini,231,0.1043,0.0845,0.1247,0.0,0.0,True
non_expert,mr,claude_opus_4_7,gpt_5_mini,231,0.044,0.0268,0.0614,0.0,0.0,True
non_expert,mr,claude_opus_4_7,llama_3_3_70b,231,0.1143,0.0928,0.1361,0.0,0.0,True
non_expert,mr,claude_opus_4_7,llama_4_maverick,231,0.0949,0.0735,0.1162,0.0,0.0,True
non_expert,mr,claude_opus_4_7,medgemma_27b,231,0.0807,0.0611,0.1001,0.0,0.0,True
non_expert,mr,claude_opus_4_7,medgemma_4b,231,0.1331,0.1087,0.1579,0.0,0.0,True
non_expert,mr,cohere_command_a,gemini_3_flash,231,-0.0524,-0.0665,-0.0388,0.0,0.0,True
non_expert,mr,cohere_command_a,gemini_3_pro,231,-0.0306,-0.0435,-0.0175,0.0,0.0,True
non_expert,mr,cohere_command_a,gemma_3_27b,231,-0.037,-0.0496,-0.0245,0.0,0.0,True
non_expert,mr,cohere_command_a,gpt_4o_mini,231,-0.0079,-0.0209,0.0049,0.23,0.2492,False
non_expert,mr,cohere_command_a,gpt_5_mini,231,-0.0682,-0.0823,-0.0538,0.0,0.0,True
non_expert,mr,cohere_command_a,llama_3_3_70b,231,0.002,-0.011,0.015,0.7448,0.7545,False
non_expert,mr,cohere_command_a,llama_4_maverick,231,-0.0174,-0.0293,-0.005,0.0046,0.006,True
non_expert,mr,cohere_command_a,medgemma_27b,231,-0.0316,-0.0444,-0.019,0.0,0.0,True
non_expert,mr,cohere_command_a,medgemma_4b,231,0.0208,0.0031,0.0385,0.0196,0.0251,True
non_expert,mr,gemini_3_flash,gemini_3_pro,231,0.0218,0.0094,0.0337,0.0006,0.0009,True
non_expert,mr,gemini_3_flash,gemma_3_27b,231,0.0154,0.0016,0.0291,0.0284,0.0352,True
non_expert,mr,gemini_3_flash,gpt_4o_mini,231,0.0444,0.031,0.0581,0.0,0.0,True
non_expert,mr,gemini_3_flash,gpt_5_mini,231,-0.0158,-0.0296,-0.0021,0.0234,0.0294,True
non_expert,mr,gemini_3_flash,llama_3_3_70b,231,0.0544,0.0383,0.0706,0.0,0.0,True
non_expert,mr,gemini_3_flash,llama_4_maverick,231,0.035,0.0205,0.0493,0.0,0.0,True
non_expert,mr,gemini_3_flash,medgemma_27b,231,0.0208,0.0087,0.0331,0.001,0.0015,True
non_expert,mr,gemini_3_flash,medgemma_4b,231,0.0732,0.0527,0.0942,0.0,0.0,True
non_expert,mr,gemini_3_pro,gemma_3_27b,231,-0.0064,-0.0189,0.0057,0.3076,0.3287,False
non_expert,mr,gemini_3_pro,gpt_4o_mini,231,0.0226,0.0096,0.0357,0.0018,0.0025,True
non_expert,mr,gemini_3_pro,gpt_5_mini,231,-0.0376,-0.05,-0.0253,0.0,0.0,True
non_expert,mr,gemini_3_pro,llama_3_3_70b,231,0.0326,0.0183,0.0465,0.0,0.0,True
non_expert,mr,gemini_3_pro,llama_4_maverick,231,0.0132,-0.0013,0.0283,0.075,0.0848,False
non_expert,mr,gemini_3_pro,medgemma_27b,231,-0.001,-0.0145,0.012,0.8946,0.8946,False
non_expert,mr,gemini_3_pro,medgemma_4b,231,0.0514,0.0329,0.0702,0.0,0.0,True
non_expert,mr,gemma_3_27b,gpt_4o_mini,231,0.029,0.0181,0.0398,0.0,0.0,True
non_expert,mr,gemma_3_27b,gpt_5_mini,231,-0.0312,-0.0446,-0.0181,0.0,0.0,True
non_expert,mr,gemma_3_27b,llama_3_3_70b,231,0.039,0.0264,0.0515,0.0,0.0,True
non_expert,mr,gemma_3_27b,llama_4_maverick,231,0.0196,0.0064,0.0325,0.0034,0.0045,True
non_expert,mr,gemma_3_27b,medgemma_27b,231,0.0054,-0.0063,0.017,0.3522,0.3712,False
non_expert,mr,gemma_3_27b,medgemma_4b,231,0.0578,0.0388,0.0767,0.0,0.0,True
non_expert,mr,gpt_4o_mini,gpt_5_mini,231,-0.0603,-0.0746,-0.0459,0.0,0.0,True
non_expert,mr,gpt_4o_mini,llama_3_3_70b,231,0.01,-0.0029,0.0227,0.131,0.146,False
non_expert,mr,gpt_4o_mini,llama_4_maverick,231,-0.0095,-0.0226,0.0038,0.1532,0.1683,False
non_expert,mr,gpt_4o_mini,medgemma_27b,231,-0.0236,-0.0349,-0.0126,0.0,0.0,True
non_expert,mr,gpt_4o_mini,medgemma_4b,231,0.0288,0.012,0.0451,0.0016,0.0023,True
non_expert,mr,gpt_5_mini,llama_3_3_70b,231,0.0703,0.0539,0.0864,0.0,0.0,True
non_expert,mr,gpt_5_mini,llama_4_maverick,231,0.0508,0.0349,0.0669,0.0,0.0,True
non_expert,mr,gpt_5_mini,medgemma_27b,231,0.0367,0.0225,0.0508,0.0,0.0,True
non_expert,mr,gpt_5_mini,medgemma_4b,231,0.089,0.069,0.1098,0.0,0.0,True
non_expert,mr,llama_3_3_70b,llama_4_maverick,231,-0.0194,-0.032,-0.007,0.0022,0.003,True
non_expert,mr,llama_3_3_70b,medgemma_27b,231,-0.0336,-0.0466,-0.021,0.0,0.0,True
non_expert,mr,llama_3_3_70b,medgemma_4b,231,0.0188,0.0013,0.0361,0.0354,0.0418,True
non_expert,mr,llama_4_maverick,medgemma_27b,231,-0.0142,-0.0277,-0.001,0.0332,0.0405,True
non_expert,mr,llama_4_maverick,medgemma_4b,231,0.0382,0.0216,0.055,0.0,0.0,True
non_expert,mr,medgemma_27b,medgemma_4b,231,0.0524,0.0354,0.0698,0.0,0.0,True
